[{"tag":{"S":"0-7M8BJaSBQXaAZqbqDvx/_N_T_/layout"},"path":{"S":"0-7M8BJaSBQXaAZqbqDvx/_not-found"},"revalidatedAt":{"N":"1723705550254"}},{"tag":{"S":"0-7M8BJaSBQXaAZqbqDvx/_N_T_/_not-found/layout"},"path":{"S":"0-7M8BJaSBQXaAZqbqDvx/_not-found"},"revalidatedAt":{"N":"1723705550254"}},{"tag":{"S":"0-7M8BJaSBQXaAZqbqDvx/_N_T_/_not-found/page"},"path":{"S":"0-7M8BJaSBQXaAZqbqDvx/_not-found"},"revalidatedAt":{"N":"1723705550254"}},{"tag":{"S":"0-7M8BJaSBQXaAZqbqDvx/_N_T_/_not-found"},"path":{"S":"0-7M8BJaSBQXaAZqbqDvx/_not-found"},"revalidatedAt":{"N":"1723705550254"}},{"tag":{"S":"0-7M8BJaSBQXaAZqbqDvx/_N_T_/layout"},"path":{"S":"0-7M8BJaSBQXaAZqbqDvx/favicon.ico"},"revalidatedAt":{"N":"1723705550254"}},{"tag":{"S":"0-7M8BJaSBQXaAZqbqDvx/_N_T_/favicon.ico/layout"},"path":{"S":"0-7M8BJaSBQXaAZqbqDvx/favicon.ico"},"revalidatedAt":{"N":"1723705550254"}},{"tag":{"S":"0-7M8BJaSBQXaAZqbqDvx/_N_T_/favicon.ico/route"},"path":{"S":"0-7M8BJaSBQXaAZqbqDvx/favicon.ico"},"revalidatedAt":{"N":"1723705550254"}},{"tag":{"S":"0-7M8BJaSBQXaAZqbqDvx/_N_T_/favicon.ico"},"path":{"S":"0-7M8BJaSBQXaAZqbqDvx/favicon.ico"},"revalidatedAt":{"N":"1723705550254"}},{"tag":{"S":"0-7M8BJaSBQXaAZqbqDvx/_N_T_/layout"},"path":{"S":"0-7M8BJaSBQXaAZqbqDvx/index"},"revalidatedAt":{"N":"1723705550254"}},{"tag":{"S":"0-7M8BJaSBQXaAZqbqDvx/_N_T_/page"},"path":{"S":"0-7M8BJaSBQXaAZqbqDvx/index"},"revalidatedAt":{"N":"1723705550254"}},{"tag":{"S":"0-7M8BJaSBQXaAZqbqDvx/_N_T_/"},"path":{"S":"0-7M8BJaSBQXaAZqbqDvx/index"},"revalidatedAt":{"N":"1723705550254"}}]