[{"tag":{"S":"II2M_UtJvUIuao79N3gVy/_N_T_/layout"},"path":{"S":"II2M_UtJvUIuao79N3gVy/_not-found"},"revalidatedAt":{"N":"1723608013810"}},{"tag":{"S":"II2M_UtJvUIuao79N3gVy/_N_T_/_not-found/layout"},"path":{"S":"II2M_UtJvUIuao79N3gVy/_not-found"},"revalidatedAt":{"N":"1723608013810"}},{"tag":{"S":"II2M_UtJvUIuao79N3gVy/_N_T_/_not-found/page"},"path":{"S":"II2M_UtJvUIuao79N3gVy/_not-found"},"revalidatedAt":{"N":"1723608013810"}},{"tag":{"S":"II2M_UtJvUIuao79N3gVy/_N_T_/_not-found"},"path":{"S":"II2M_UtJvUIuao79N3gVy/_not-found"},"revalidatedAt":{"N":"1723608013810"}},{"tag":{"S":"II2M_UtJvUIuao79N3gVy/_N_T_/layout"},"path":{"S":"II2M_UtJvUIuao79N3gVy/favicon.ico"},"revalidatedAt":{"N":"1723608013810"}},{"tag":{"S":"II2M_UtJvUIuao79N3gVy/_N_T_/favicon.ico/layout"},"path":{"S":"II2M_UtJvUIuao79N3gVy/favicon.ico"},"revalidatedAt":{"N":"1723608013810"}},{"tag":{"S":"II2M_UtJvUIuao79N3gVy/_N_T_/favicon.ico/route"},"path":{"S":"II2M_UtJvUIuao79N3gVy/favicon.ico"},"revalidatedAt":{"N":"1723608013810"}},{"tag":{"S":"II2M_UtJvUIuao79N3gVy/_N_T_/favicon.ico"},"path":{"S":"II2M_UtJvUIuao79N3gVy/favicon.ico"},"revalidatedAt":{"N":"1723608013810"}}]