[{"tag":{"S":"VVyIWLbfiTHdcl-_9ihpT/_N_T_/layout"},"path":{"S":"VVyIWLbfiTHdcl-_9ihpT/_not-found"},"revalidatedAt":{"N":"1723615287804"}},{"tag":{"S":"VVyIWLbfiTHdcl-_9ihpT/_N_T_/_not-found/layout"},"path":{"S":"VVyIWLbfiTHdcl-_9ihpT/_not-found"},"revalidatedAt":{"N":"1723615287804"}},{"tag":{"S":"VVyIWLbfiTHdcl-_9ihpT/_N_T_/_not-found/page"},"path":{"S":"VVyIWLbfiTHdcl-_9ihpT/_not-found"},"revalidatedAt":{"N":"1723615287804"}},{"tag":{"S":"VVyIWLbfiTHdcl-_9ihpT/_N_T_/_not-found"},"path":{"S":"VVyIWLbfiTHdcl-_9ihpT/_not-found"},"revalidatedAt":{"N":"1723615287804"}},{"tag":{"S":"VVyIWLbfiTHdcl-_9ihpT/_N_T_/layout"},"path":{"S":"VVyIWLbfiTHdcl-_9ihpT/favicon.ico"},"revalidatedAt":{"N":"1723615287805"}},{"tag":{"S":"VVyIWLbfiTHdcl-_9ihpT/_N_T_/favicon.ico/layout"},"path":{"S":"VVyIWLbfiTHdcl-_9ihpT/favicon.ico"},"revalidatedAt":{"N":"1723615287805"}},{"tag":{"S":"VVyIWLbfiTHdcl-_9ihpT/_N_T_/favicon.ico/route"},"path":{"S":"VVyIWLbfiTHdcl-_9ihpT/favicon.ico"},"revalidatedAt":{"N":"1723615287805"}},{"tag":{"S":"VVyIWLbfiTHdcl-_9ihpT/_N_T_/favicon.ico"},"path":{"S":"VVyIWLbfiTHdcl-_9ihpT/favicon.ico"},"revalidatedAt":{"N":"1723615287805"}}]