[{"tag":{"S":"Y63SKCzNK1tDkugeKt3VZ/_N_T_/layout"},"path":{"S":"Y63SKCzNK1tDkugeKt3VZ/_not-found"},"revalidatedAt":{"N":"1723610717195"}},{"tag":{"S":"Y63SKCzNK1tDkugeKt3VZ/_N_T_/_not-found/layout"},"path":{"S":"Y63SKCzNK1tDkugeKt3VZ/_not-found"},"revalidatedAt":{"N":"1723610717195"}},{"tag":{"S":"Y63SKCzNK1tDkugeKt3VZ/_N_T_/_not-found/page"},"path":{"S":"Y63SKCzNK1tDkugeKt3VZ/_not-found"},"revalidatedAt":{"N":"1723610717195"}},{"tag":{"S":"Y63SKCzNK1tDkugeKt3VZ/_N_T_/_not-found"},"path":{"S":"Y63SKCzNK1tDkugeKt3VZ/_not-found"},"revalidatedAt":{"N":"1723610717195"}},{"tag":{"S":"Y63SKCzNK1tDkugeKt3VZ/_N_T_/layout"},"path":{"S":"Y63SKCzNK1tDkugeKt3VZ/favicon.ico"},"revalidatedAt":{"N":"1723610717195"}},{"tag":{"S":"Y63SKCzNK1tDkugeKt3VZ/_N_T_/favicon.ico/layout"},"path":{"S":"Y63SKCzNK1tDkugeKt3VZ/favicon.ico"},"revalidatedAt":{"N":"1723610717195"}},{"tag":{"S":"Y63SKCzNK1tDkugeKt3VZ/_N_T_/favicon.ico/route"},"path":{"S":"Y63SKCzNK1tDkugeKt3VZ/favicon.ico"},"revalidatedAt":{"N":"1723610717195"}},{"tag":{"S":"Y63SKCzNK1tDkugeKt3VZ/_N_T_/favicon.ico"},"path":{"S":"Y63SKCzNK1tDkugeKt3VZ/favicon.ico"},"revalidatedAt":{"N":"1723610717195"}}]