[{"tag":{"S":"KgIouVl2_hxm58RQuEjOj/_N_T_/layout"},"path":{"S":"KgIouVl2_hxm58RQuEjOj/_not-found"},"revalidatedAt":{"N":"1723702883463"}},{"tag":{"S":"KgIouVl2_hxm58RQuEjOj/_N_T_/_not-found/layout"},"path":{"S":"KgIouVl2_hxm58RQuEjOj/_not-found"},"revalidatedAt":{"N":"1723702883463"}},{"tag":{"S":"KgIouVl2_hxm58RQuEjOj/_N_T_/_not-found/page"},"path":{"S":"KgIouVl2_hxm58RQuEjOj/_not-found"},"revalidatedAt":{"N":"1723702883463"}},{"tag":{"S":"KgIouVl2_hxm58RQuEjOj/_N_T_/_not-found"},"path":{"S":"KgIouVl2_hxm58RQuEjOj/_not-found"},"revalidatedAt":{"N":"1723702883463"}},{"tag":{"S":"KgIouVl2_hxm58RQuEjOj/_N_T_/layout"},"path":{"S":"KgIouVl2_hxm58RQuEjOj/favicon.ico"},"revalidatedAt":{"N":"1723702883463"}},{"tag":{"S":"KgIouVl2_hxm58RQuEjOj/_N_T_/favicon.ico/layout"},"path":{"S":"KgIouVl2_hxm58RQuEjOj/favicon.ico"},"revalidatedAt":{"N":"1723702883463"}},{"tag":{"S":"KgIouVl2_hxm58RQuEjOj/_N_T_/favicon.ico/route"},"path":{"S":"KgIouVl2_hxm58RQuEjOj/favicon.ico"},"revalidatedAt":{"N":"1723702883463"}},{"tag":{"S":"KgIouVl2_hxm58RQuEjOj/_N_T_/favicon.ico"},"path":{"S":"KgIouVl2_hxm58RQuEjOj/favicon.ico"},"revalidatedAt":{"N":"1723702883463"}},{"tag":{"S":"KgIouVl2_hxm58RQuEjOj/_N_T_/layout"},"path":{"S":"KgIouVl2_hxm58RQuEjOj/index"},"revalidatedAt":{"N":"1723702883464"}},{"tag":{"S":"KgIouVl2_hxm58RQuEjOj/_N_T_/page"},"path":{"S":"KgIouVl2_hxm58RQuEjOj/index"},"revalidatedAt":{"N":"1723702883464"}},{"tag":{"S":"KgIouVl2_hxm58RQuEjOj/_N_T_/"},"path":{"S":"KgIouVl2_hxm58RQuEjOj/index"},"revalidatedAt":{"N":"1723702883465"}}]