[{"tag":{"S":"7aZuFgx-3nmEzzaR_u23P/_N_T_/layout"},"path":{"S":"7aZuFgx-3nmEzzaR_u23P/_not-found"},"revalidatedAt":{"N":"1723640794234"}},{"tag":{"S":"7aZuFgx-3nmEzzaR_u23P/_N_T_/_not-found/layout"},"path":{"S":"7aZuFgx-3nmEzzaR_u23P/_not-found"},"revalidatedAt":{"N":"1723640794234"}},{"tag":{"S":"7aZuFgx-3nmEzzaR_u23P/_N_T_/_not-found/page"},"path":{"S":"7aZuFgx-3nmEzzaR_u23P/_not-found"},"revalidatedAt":{"N":"1723640794234"}},{"tag":{"S":"7aZuFgx-3nmEzzaR_u23P/_N_T_/_not-found"},"path":{"S":"7aZuFgx-3nmEzzaR_u23P/_not-found"},"revalidatedAt":{"N":"1723640794234"}},{"tag":{"S":"7aZuFgx-3nmEzzaR_u23P/_N_T_/layout"},"path":{"S":"7aZuFgx-3nmEzzaR_u23P/favicon.ico"},"revalidatedAt":{"N":"1723640794234"}},{"tag":{"S":"7aZuFgx-3nmEzzaR_u23P/_N_T_/favicon.ico/layout"},"path":{"S":"7aZuFgx-3nmEzzaR_u23P/favicon.ico"},"revalidatedAt":{"N":"1723640794234"}},{"tag":{"S":"7aZuFgx-3nmEzzaR_u23P/_N_T_/favicon.ico/route"},"path":{"S":"7aZuFgx-3nmEzzaR_u23P/favicon.ico"},"revalidatedAt":{"N":"1723640794234"}},{"tag":{"S":"7aZuFgx-3nmEzzaR_u23P/_N_T_/favicon.ico"},"path":{"S":"7aZuFgx-3nmEzzaR_u23P/favicon.ico"},"revalidatedAt":{"N":"1723640794234"}}]