[{"tag":{"S":"amJjDSts_VbY70LTT3fc-/_N_T_/layout"},"path":{"S":"amJjDSts_VbY70LTT3fc-/_not-found"},"revalidatedAt":{"N":"1723615476209"}},{"tag":{"S":"amJjDSts_VbY70LTT3fc-/_N_T_/_not-found/layout"},"path":{"S":"amJjDSts_VbY70LTT3fc-/_not-found"},"revalidatedAt":{"N":"1723615476209"}},{"tag":{"S":"amJjDSts_VbY70LTT3fc-/_N_T_/_not-found/page"},"path":{"S":"amJjDSts_VbY70LTT3fc-/_not-found"},"revalidatedAt":{"N":"1723615476209"}},{"tag":{"S":"amJjDSts_VbY70LTT3fc-/_N_T_/_not-found"},"path":{"S":"amJjDSts_VbY70LTT3fc-/_not-found"},"revalidatedAt":{"N":"1723615476209"}},{"tag":{"S":"amJjDSts_VbY70LTT3fc-/_N_T_/layout"},"path":{"S":"amJjDSts_VbY70LTT3fc-/favicon.ico"},"revalidatedAt":{"N":"1723615476210"}},{"tag":{"S":"amJjDSts_VbY70LTT3fc-/_N_T_/favicon.ico/layout"},"path":{"S":"amJjDSts_VbY70LTT3fc-/favicon.ico"},"revalidatedAt":{"N":"1723615476210"}},{"tag":{"S":"amJjDSts_VbY70LTT3fc-/_N_T_/favicon.ico/route"},"path":{"S":"amJjDSts_VbY70LTT3fc-/favicon.ico"},"revalidatedAt":{"N":"1723615476210"}},{"tag":{"S":"amJjDSts_VbY70LTT3fc-/_N_T_/favicon.ico"},"path":{"S":"amJjDSts_VbY70LTT3fc-/favicon.ico"},"revalidatedAt":{"N":"1723615476210"}}]