[{"tag":{"S":"z-4NEqKxGNCCip8fT7-fc/_N_T_/layout"},"path":{"S":"z-4NEqKxGNCCip8fT7-fc/_not-found"},"revalidatedAt":{"N":"1723627445527"}},{"tag":{"S":"z-4NEqKxGNCCip8fT7-fc/_N_T_/_not-found/layout"},"path":{"S":"z-4NEqKxGNCCip8fT7-fc/_not-found"},"revalidatedAt":{"N":"1723627445527"}},{"tag":{"S":"z-4NEqKxGNCCip8fT7-fc/_N_T_/_not-found/page"},"path":{"S":"z-4NEqKxGNCCip8fT7-fc/_not-found"},"revalidatedAt":{"N":"1723627445527"}},{"tag":{"S":"z-4NEqKxGNCCip8fT7-fc/_N_T_/_not-found"},"path":{"S":"z-4NEqKxGNCCip8fT7-fc/_not-found"},"revalidatedAt":{"N":"1723627445527"}},{"tag":{"S":"z-4NEqKxGNCCip8fT7-fc/_N_T_/layout"},"path":{"S":"z-4NEqKxGNCCip8fT7-fc/favicon.ico"},"revalidatedAt":{"N":"1723627445527"}},{"tag":{"S":"z-4NEqKxGNCCip8fT7-fc/_N_T_/favicon.ico/layout"},"path":{"S":"z-4NEqKxGNCCip8fT7-fc/favicon.ico"},"revalidatedAt":{"N":"1723627445527"}},{"tag":{"S":"z-4NEqKxGNCCip8fT7-fc/_N_T_/favicon.ico/route"},"path":{"S":"z-4NEqKxGNCCip8fT7-fc/favicon.ico"},"revalidatedAt":{"N":"1723627445527"}},{"tag":{"S":"z-4NEqKxGNCCip8fT7-fc/_N_T_/favicon.ico"},"path":{"S":"z-4NEqKxGNCCip8fT7-fc/favicon.ico"},"revalidatedAt":{"N":"1723627445527"}}]